{"cameraMode":{"drawMode":0,"name":"Shaded","section":"Shading Mode"},"sceneLighting":true,"audioPlay":false,"sceneViewState":{"m_AlwaysRefresh":false,"showFog":true,"showSkybox":true,"showFlares":true,"showImageEffects":true,"showParticleSystems":true,"showVisualEffectGraphs":true,"m_FxEnabled":true},"in2DMode":false,"pivot":{"x":0.1649923324584961,"y":3.203362226486206,"z":0.2537904977798462},"rotation":{"x":-0.36935070157051089,"y":-0.006408721674233675,"z":0.002555122133344412,"w":-0.9292967915534973},"size":6.845815181732178,"orthographic":false}