{"cameraMode":{"drawMode":0,"name":"Shaded","section":"Shading Mode"},"sceneLighting":true,"audioPlay":false,"sceneViewState":{"m_AlwaysRefresh":false,"showFog":true,"showSkybox":true,"showFlares":true,"showImageEffects":true,"showParticleSystems":true,"showVisualEffectGraphs":true,"m_FxEnabled":true},"in2DMode":false,"pivot":{"x":-5.3338823318481449,"y":-13.277420043945313,"z":2.2471084594726564},"rotation":{"x":-0.46205148100852969,"y":-0.0034617572091519834,"z":0.0018024187302216888,"w":-0.8868484497070313},"size":43.30955505371094,"orthographic":false}