{"cameraMode":{"drawMode":0,"name":"Shaded","section":"Shading Mode"},"sceneLighting":true,"audioPlay":false,"sceneViewState":{"m_AlwaysRefresh":false,"showFog":true,"showSkybox":true,"showFlares":true,"showImageEffects":true,"showParticleSystems":true,"showVisualEffectGraphs":true,"m_FxEnabled":true},"in2DMode":false,"pivot":{"x":2.8732120990753176,"y":-2.813903331756592,"z":29.304983139038087},"rotation":{"x":-0.19373472034931184,"y":0.05793208256363869,"z":-0.011577078141272068,"w":-0.9793364405632019},"size":9.631595611572266,"orthographic":false}