{"cameraMode":{"drawMode":0,"name":"Shaded","section":"Shading Mode"},"sceneLighting":true,"audioPlay":false,"sceneViewState":{"m_AlwaysRefresh":false,"showFog":true,"showSkybox":true,"showFlares":true,"showImageEffects":true,"showParticleSystems":true,"showVisualEffectGraphs":true,"m_FxEnabled":true},"in2DMode":false,"pivot":{"x":2.0640532970428469,"y":0.08973503112792969,"z":4.537923336029053},"rotation":{"x":-0.44952502846717837,"y":-0.10624274611473084,"z":0.05386439338326454,"w":-0.8853546380996704},"size":10.915191650390625,"orthographic":false}