{"cameraMode":{"drawMode":0,"name":"Shaded","section":"Shading Mode"},"sceneLighting":true,"audioPlay":false,"sceneViewState":{"m_AlwaysRefresh":false,"showFog":true,"showSkybox":true,"showFlares":true,"showImageEffects":true,"showParticleSystems":true,"showVisualEffectGraphs":true,"m_FxEnabled":true},"in2DMode":false,"pivot":{"x":-4.13279914855957,"y":-5.525848388671875,"z":10.066749572753907},"rotation":{"x":-0.3314245939254761,"y":-0.0036788268480449917,"z":0.0012935169506818057,"w":-0.9434971809387207},"size":22.417789459228517,"orthographic":false}