{"cameraMode":{"drawMode":0,"name":"Shaded","section":"Shading Mode"},"sceneLighting":true,"audioPlay":false,"sceneViewState":{"m_AlwaysRefresh":false,"showFog":true,"showSkybox":true,"showFlares":true,"showImageEffects":true,"showParticleSystems":true,"showVisualEffectGraphs":true,"m_FxEnabled":true},"in2DMode":false,"pivot":{"x":1.3266468048095704,"y":4.270740509033203,"z":-7.549289703369141},"rotation":{"x":0.000027229714760323986,"y":0.9998840689659119,"z":-0.015308762900531292,"w":0.0018006903119385243},"size":11.912750244140625,"orthographic":false}